{"type": "block", "layer": 0, "block": 5, "features": [{"geom": {"lines": [[[-49.99994999999992, 18.273583808643238, 1.423612012827583], [-49.48733003566404, 17.06764691993871, 1.3577159200824553], [-48.66684431246797, 15.187207418398755, 1.2675450335494651], [-47.91786881285287, 13.439635535997269, 1.2340529899800687], [-47.66946487830768, 12.893682519003102, 1.2263240568486695], [-47.010818082164135, 11.906614573453941, 1.2237477458048698], [-43.954696948056885, 8.47432022370491, 1.0794743273520853], [-42.49814660458486, 6.861517767691497, 1.0124902402132923], [-42.12177700678882, 6.534496540645699, 0.9944560629066942], [-41.65131500954235, 6.29379031759247, 0.9738455745562964], [-41.16956192436304, 6.162089503454208, 0.9532350862058986], [-39.07694696061504, 5.9123244595715905, 0.8707931328043074], [-37.49243095389153, 5.739768974577264, 0.8141142898407134], [-34.997100520501675, 5.444626182848044, 0.7600117579209191], [-34.49276525945479, 5.3992216050637625, 0.7522828247895199], [-34.04112174209955, 5.4083024778405235, 0.7394012695705213], [-33.57065974485371, 5.476409705481359, 0.7213670922639233], [-32.64479053427438, 5.67619784841229, 0.6775698045193279], [-30.80434320104982, 6.053099130039115, 0.6054330952929355], [-30.34517229173871, 6.139382921457979, 0.5848226069425377], [-28.482142782645948, 6.361913194676985, 0.5049569645847463], [-25.697007758952108, 6.725255549424311, 0.394175589701358], [-24.311967639061667, 6.879686427647846, 0.3374967467377641], [-23.84903303377169, 6.866059924647046, 0.319462569431166], [-23.42749908423924, 6.6889197718954705, 0.30400470316836764], [-22.95327339101705, 5.971358372758294, 0.2962757700369685], [-22.919400127215372, 5.55359935143002, 0.2962757700369685], [-23.024783614597382, 5.185827251896121, 0.2962757700369685], [-23.29576972501141, 4.8680277665619585, 0.2962757700369685], [-23.619447579115814, 4.654662806881415, 0.2962757700369685], [-25.027069874874456, 3.80132096930235, 0.2962757700369685], [-25.38462099278117, 3.6107065608403675, 0.2962757700369685], [-26.08090474870463, 3.4609447016913104, 0.26536003751137177], [-28.72301932523529, 3.134211723754321, 0.15200235158418382], [-29.080570443142, 3.0842966207835447, 0.13654448532138547], [-31.79795893923187, 2.757595519382414, 0.002576311043799726]]]}, "mtl": 0}, {"geom": {"lines": [[[-33.38247494595537, 2.4717547305339855, 0.12108661905858711], [-33.796481503531965, 2.42184819102485, 0.159731284715583], [-34.21048806110729, 2.3674054289310034, 0.18549439515358027], [-34.56051178705815, 2.3311106805867463, 0.21641012767917697], [-35.614346660888316, 2.294816273336225, 0.3297678136063649], [-36.09986344204524, 2.2721324420086693, 0.38644665656995886], [-36.521397391577686, 2.2358385890047114, 0.4405491884897531], [-38.17742362188152, 2.0815935184927823, 0.5384490081541426], [-39.351696767006686, 1.9772547575588595, 0.6466540719937311], [-39.92377855565692, 1.9545727911636364, 0.695603981825926], [-40.51467882419711, 2.104276230783034, 0.7497065137457203], [-41.026541477201114, 2.430922059327376, 0.7857748683589163], [-41.444311730754684, 2.9118675943825862, 0.8115379787969137], [-41.76422588888148, 3.4382540178678345, 0.8141142898407134], [-42.09919483092061, 4.010099935366016, 0.8166906008845131], [-42.404054205135054, 5.199447815180238, 0.8141142898407134], [-42.34383506948819, 6.366454762638617, 0.8141142898407134], [-42.31372550166414, 7.043208223800266, 0.8141142898407134], [-42.25350636601728, 8.24258027847711, 0.8141142898407134], [-42.17823244645806, 8.787872950953247, 0.8141142898407134], [-41.82068132855136, 10.596980492165171, 0.8527589554977092], [-41.474421298578115, 12.402391180958196, 0.9815745076876955], [-41.11310648469442, 14.217752810744951, 1.1387294813594788], [-40.99266821339943, 14.864028650670912, 1.1902557022354734], [-40.924921685795454, 15.5195182200498, 1.2366293010238685], [-40.91363059786198, 16.18422626822395, 1.2881555218998628], [-40.96255864557538, 16.90369779451567, 1.3371054317320579], [-41.20343518816472, 18.28837777153347, 1.4324289403526476], [-41.576041089983775, 20.307081915197116, 1.6050417802872292], [-41.96746547169216, 22.35877629663274, 1.682331111601221], [-42.25727006199489, 23.914239157255807, 1.710670533083018], [-42.41158159709155, 24.717306855412044, 1.7235520883020166], [-42.54707465229824, 25.520543704511613, 1.7493151987400137], [-42.68256770750495, 26.387864432254503, 1.7931124864846093], [-42.93097164205078, 28.027183375122373, 1.8858596840613995], [-43.46541647092172, 31.413082166852288, 2.0636251460835804], [-43.728875189378634, 33.04999587203894, 2.130609233222373], [-43.738700475580245, 33.110334782608696, 2.132831594832807]]]}, "mtl": 0}, {"geom": {"lines": [[[-49.99994999999992, 15.72313787919371, 1.2268284898377753], [-47.838831197316054, 12.8754854223665, 1.2289003678924693], [-47.071037217810996, 11.952095999599868, 1.2263240568486695], [-45.51286708293457, 10.21508793491014, 1.146458414490878], [-45.11015161329146, 9.774140145824541, 1.1232716150966806], [-43.99609760381442, 8.528849297603967, 1.0588638390016873], [-42.8970983782491, 7.311217292118668, 1.0202191733446915], [-42.148122878634005, 6.561747249334704, 0.9815745076876955], [-41.73788001703629, 6.334663899316692, 0.9635403303810975], [-41.23730845196702, 6.171172173713897, 0.9455061530744994], [-39.72053897284687, 5.998605099218273, 0.8888273101109054], [-38.700577362818365, 5.871455357058617, 0.8501826444539095], [-37.112297660117875, 5.685279373674648, 0.8038090456655145], [-34.63578570661735, 5.412842922250596, 0.7187907812201235], [-34.146505229481555, 5.4083024778405235, 0.695603981825926], [-33.66098844832463, 5.467328672276045, 0.6801461155631277], [-33.19429014705704, 5.567221214101593, 0.6595356272127298], [-32.257129848543606, 5.7533914951616865, 0.620890961555734], [-30.853271248763836, 6.044016738059255, 0.5332963860665432], [-30.427973603253776, 6.125759036482362, 0.5023806535409465], [-28.068136225069996, 6.420953995728839, 0.38129403448235943], [-27.627783795647588, 6.4709123032595, 0.36325985717576137], [-27.187431366225812, 6.420953995728839, 0.34264936882536356], [-26.777188504628725, 6.184796219245286, 0.32461519151876544], [-26.51749348214879, 5.816963894489748, 0.30400470316836764], [-26.423401082699627, 5.426464287563981, 0.2962757700369685], [-26.366945643029748, 5.004224338872364, 0.29369945899316874], [-26.33683607520695, 4.627425576528337, 0.29369945899316874], [-26.427164778677238, 4.255202703207811, 0.27308897064277093], [-26.935263735702996, 3.774089763050965, 0.24474954916097394], [-27.24012310991807, 3.5517087710534225, 0.22671537185437585], [-27.56003726804487, 3.3474926165397996, 0.20610488350397807], [-27.86113294628233, 3.2476575400617422, 0.18034177306598081], [-28.188574496364975, 3.1886652994860003, 0.16230759575938272], [-29.163371754657696, 3.097909766675515, 0.12623924114618656], [-29.77309050308785, 3.0071563674755954, 0.11078137488338823], [-31.195767582757572, 2.8347307863367064, 0.043797287744595334], [-31.38395238165654, 2.807506398505527, 0.002576311043799726]]]},